{"cameraMode":{"drawMode":0,"name":"Shaded","section":"Shading Mode"},"sceneLighting":true,"audioPlay":false,"sceneViewState":{"m_AlwaysRefresh":false,"showFog":true,"showSkybox":true,"showFlares":true,"showImageEffects":true,"showParticleSystems":true,"showVisualEffectGraphs":true,"m_FxEnabled":true},"in2DMode":false,"pivot":{"x":-8.856057167053223,"y":3.562798023223877,"z":-3.0449678897857668},"rotation":{"x":0.026379860937595369,"y":-0.03448202833533287,"z":0.0009089256054721773,"w":0.9990631937980652},"size":2.301997661590576,"orthographic":false}