{"cameraMode":{"drawMode":0,"name":"Shaded","section":"Shading Mode"},"sceneLighting":true,"audioPlay":false,"sceneViewState":{"m_AlwaysRefresh":false,"showFog":true,"showSkybox":true,"showFlares":true,"showImageEffects":true,"showParticleSystems":true,"showVisualEffectGraphs":true,"m_FxEnabled":true},"in2DMode":false,"pivot":{"x":-2.1087913513183595,"y":5.478143692016602,"z":-4.653087139129639},"rotation":{"x":0.01786959357559681,"y":-0.11969301849603653,"z":0.00215470464900136,"w":0.992649257183075},"size":1.4110888242721558,"orthographic":true}