{"cameraMode":{"drawMode":0,"name":"Shaded","section":"Shading Mode"},"sceneLighting":false,"audioPlay":false,"sceneViewState":{"showFog":true,"showMaterialUpdate":false,"showSkybox":false,"showFlares":true,"showImageEffects":true,"showParticleSystems":true},"in2DMode":false,"pivot":{"x":0.6180495619773865,"y":-0.12737542390823365,"z":-0.05092358589172363},"rotation":{"x":0.17870795726776124,"y":0.058994848281145099,"z":-0.010735475458204747,"w":0.9820751547813416},"size":2.700017213821411,"orthographic":false}