{"cameraMode":{"drawMode":0,"name":"Shaded","section":"Shading Mode"},"sceneLighting":false,"audioPlay":false,"sceneViewState":{"showFog":true,"showMaterialUpdate":false,"showSkybox":false,"showFlares":true,"showImageEffects":true,"showParticleSystems":true},"in2DMode":false,"pivot":{"x":1.461878776550293,"y":-0.6459989547729492,"z":-0.863066554069519},"rotation":{"x":0.04423876851797104,"y":0.9288697242736816,"z":-0.11795244365930557,"w":0.3483579456806183},"size":1.3581626415252686,"orthographic":false}