{"cameraMode":{"drawMode":0,"name":"Shaded","section":"Shading Mode"},"sceneLighting":false,"audioPlay":false,"sceneViewState":{"showFog":true,"showMaterialUpdate":false,"showSkybox":false,"showFlares":true,"showImageEffects":true,"showParticleSystems":true},"in2DMode":false,"pivot":{"x":2.430000066757202,"y":2.1700000762939455,"z":3.4000000953674318},"rotation":{"x":-0.0053038145415484909,"y":-0.9314720034599304,"z":0.36376145482063296,"w":-0.013718370348215104},"size":0.8660253882408142,"orthographic":false}