{"cameraMode":{"drawMode":0,"name":"Shaded","section":"Shading Mode"},"sceneLighting":true,"audioPlay":false,"sceneViewState":{"m_AlwaysRefresh":false,"showFog":true,"showSkybox":true,"showFlares":true,"showImageEffects":true,"showParticleSystems":true,"showVisualEffectGraphs":true,"m_FxEnabled":true},"in2DMode":false,"pivot":{"x":-6.5655107498168949,"y":-3.845365524291992,"z":3.6332240104675295},"rotation":{"x":0.18426299095153809,"y":-0.41526052355766299,"z":0.08629710227251053,"w":0.8866687417030335},"size":6.0959696769714359,"orthographic":false}