{"cameraMode":{"drawMode":0,"name":"Shaded","section":"Shading Mode"},"sceneLighting":true,"audioPlay":false,"sceneViewState":{"showFog":true,"showMaterialUpdate":false,"showSkybox":true,"showFlares":true,"showImageEffects":true,"showParticleSystems":true},"in2DMode":false,"pivot":{"x":-0.2689712643623352,"y":1.5537256002426148,"z":10.046594619750977},"rotation":{"x":0.04048909991979599,"y":-0.003894743975251913,"z":0.00016316419350914657,"w":0.9991785883903503},"size":9.189666748046875,"orthographic":false}