{"cameraMode":{"drawMode":0,"name":"Shaded","section":"Shading Mode"},"sceneLighting":false,"audioPlay":false,"sceneViewState":{"showFog":true,"showMaterialUpdate":false,"showSkybox":false,"showFlares":true,"showImageEffects":true,"showParticleSystems":true},"in2DMode":false,"pivot":{"x":2.8299999237060549,"y":0.9700000286102295,"z":-1.7699999809265137},"rotation":{"x":0.04947635903954506,"y":0.013481478206813336,"z":-0.0006558476598002017,"w":0.9987110495567322},"size":6.134130001068115,"orthographic":false}