{"cameraMode":{"drawMode":0,"name":"Shaded","section":"Shading Mode"},"sceneLighting":false,"audioPlay":false,"sceneViewState":{"m_AlwaysRefresh":false,"showFog":true,"showSkybox":false,"showFlares":true,"showImageEffects":true,"showParticleSystems":true,"showVisualEffectGraphs":true,"m_FxEnabled":true},"in2DMode":false,"pivot":{"x":0.021244660019874574,"y":0.07941586524248123,"z":0.2939123511314392},"rotation":{"x":0.0001135544225689955,"y":-0.9920791983604431,"z":0.1256677210330963,"w":0.0008929138421081007},"size":0.033974647521972659,"orthographic":false}